nome,kcal,proteina,carbo,gordura,categoria,custo_por_porcao,restricao
"Arroz, integral, cozido",123.5348925,2.58825,25.80975,1.0003333333333333,carboidrato,1.51,nenhuma
"Arroz, integral, cru",359.6780020326088,7.323285869565217,77.45071413043479,1.8648333333333331,carboidrato,3.53,nenhuma
"Arroz, tipo 1, cozido",128.25848566666664,2.5208166666666667,28.059849999999997,0.2269999999999999,carboidrato,4.42,nenhuma
"Arroz, tipo 1, cru",357.789273115942,7.158539855072464,78.75954347826087,0.335,carboidrato,3.0,nenhuma
"Arroz, tipo 2, cozido",130.11964833333332,2.568416666666667,28.19258333333333,0.3616666666666666,carboidrato,2.84,nenhuma
"Arroz, tipo 2, cru",358.1167614565217,7.241882971014494,78.88145036231883,0.2755,carboidrato,0.93,nenhuma
"Aveia, flocos, crua",393.82268944927546,13.921026086956523,66.63564057971016,8.496666666666666,outros,0.67,nenhuma
"Biscoito, doce, maisena",442.8193901449275,8.072521739130433,75.23414492753622,11.966666666666669,outros,2.52,nenhuma
"Biscoito, doce, recheado com chocolate",471.824779710145,6.397217391304348,70.54944927536232,19.58333333333333,outros,2.73,nenhuma
"Biscoito, doce, recheado com morango",471.1747362318841,5.719826086956521,71.01350724637682,19.57333333333333,outros,0.73,nenhuma
"Biscoito, doce, wafer, recheado de chocolate",502.4568579710144,5.564521739130435,67.53547826086955,24.67333333333333,outros,1.77,nenhuma
"Biscoito, doce, wafer, recheado de morango",513.4461826086956,4.517043478260871,67.35295652173913,26.4,outros,1.24,nenhuma
"Biscoito, salgado, cream cracker",431.73228115942027,10.055130434782608,68.73153623188405,14.436666666666667,outros,2.98,nenhuma
"Bolo, mistura para",418.6333333333333,6.159420289855073,84.71391304347826,6.126666666666666,outros,1.16,nenhuma
"Bolo, pronto, aipim",323.85166666666663,4.416666666666667,47.864,12.747666666666667,outros,2.55,nenhuma
"Bolo, pronto, chocolate",410.01366666666667,6.222916666666666,54.71775,18.47233333333333,outros,2.84,nenhuma
"Bolo, pronto, coco",333.4376666666667,5.666666666666666,52.276,11.296333333333331,outros,2.69,nenhuma
"Bolo, pronto, milho",311.387,4.804166666666667,45.10883333333334,12.415,outros,4.96,nenhuma
"Canjica, branca, crua",357.60259,7.2,78.06099999999999,0.971,outros,3.9,nenhuma
"Canjica, com leite integral",112.45677722046528,2.3606000423431395,23.62773329099018,1.2443333333333335,laticinio,2.85,lactose
"Cereais, milho, flocos, com sal",369.59975,7.291666666666667,80.835,1.6033333333333335,outros,0.68,nenhuma
"Cereais, milho, flocos, sem sal",363.3383166666666,6.875,80.44833333333334,1.1833333333333331,outros,0.62,nenhuma
"Cereais, mingau, milho, infantil",394.4275217391304,6.431159420289855,87.26550724637681,1.0933333333333335,outros,3.06,nenhuma
"Cereais, mistura para vitamina, trigo, cevada e aveia",381.1333333333333,8.895833333333332,81.6175,2.12,outros,1.74,gluten
"Cereal matinal, milho",365.354163768116,7.155797101449275,83.82420289855072,0.9566666666666668,outros,3.7,nenhuma
"Cereal matinal, milho, açúcar",376.5552536231884,4.742753623188407,88.84057971014492,0.6666666666666666,outros,1.71,nenhuma
"Creme de arroz, pó",386.00119033639794,7.026949774742127,83.86938355859121,1.2260000000000002,carboidrato,1.53,nenhuma
"Creme de milho, pó",333.03419267054403,4.820833333333333,86.1485,1.639333333333333,outros,1.24,nenhuma
"Curau, milho verde",78.43381831365585,2.3606000423431395,13.944399957656858,1.6369999999999998,outros,3.35,nenhuma
"Curau, milho verde, mistura para",402.28657743531465,2.2229166666666664,79.81641666666667,13.371333333333334,outros,1.47,nenhuma
"Farinha, de arroz, enriquecida",363.0564801812235,1.2693332926432292,85.50400004069012,0.3,carboidrato,2.95,gluten
"Farinha, de centeio, integral",335.7776627993265,12.515066502888995,73.29826683044433,1.7533333333333332,outros,3.01,gluten
"Farinha, de milho, amarela",350.58693322738014,7.1875,79.07916666666665,1.4666666666666666,outros,1.77,gluten
"Farinha, de rosca",370.5780966666666,11.380999619166056,75.78566666666666,1.4633333333333332,outros,2.19,gluten
"Farinha, de trigo",360.4729785507247,9.79078260869565,75.09255072463769,1.366666666666667,outros,1.5,gluten
"Farinha, láctea, de cereais",414.8505173913043,11.87913043478261,77.77086956521738,5.79,outros,1.35,gluten
"Lasanha, massa fresca, cozida",163.7636666666667,5.8125,32.52216666666667,1.1583333333333332,carboidrato,1.44,nenhuma
"Lasanha, massa fresca, crua",220.3056666666667,7.008333333333333,45.05833333333334,1.3376666666666666,carboidrato,1.4,nenhuma
"Macarrão, instantâneo",435.8647805333334,8.79168,62.431653333333344,17.236666666666668,carboidrato,4.97,nenhuma
"Macarrão, trigo, cru",371.1226130434783,9.995652173913044,77.94434782608695,1.3033333333333337,carboidrato,4.78,gluten
"Macarrão, trigo, cru, com ovos",370.5671133333334,10.320799999999998,76.62253333333335,1.97,carboidrato,2.19,gluten
"Milho, amido, cru",361.36682387826096,0.5978260869565217,87.14884391304349,0.0,outros,1.16,nenhuma
"Milho, fubá, cru",353.482268115942,7.213768115942029,78.87289855072463,1.903333333333333,outros,0.73,nenhuma
"Milho, verde, cru",138.166565,6.589583333333334,28.55575,0.609,outros,0.98,nenhuma
"Milho, verde, enlatado, drenado",97.56489420289851,3.2282608695652177,17.135072463768108,2.353333333333333,outros,3.97,nenhuma
"Mingau tradicional, pó",373.4214666666667,0.5833333333333334,89.33666666666667,0.37,outros,1.17,nenhuma
"Pamonha, barra para cozimento, pré-cozida",171.2191116666667,2.552083333333333,30.68491666666667,4.849666666666667,outros,2.67,nenhuma
"Pão, aveia, forma",343.0853666666667,12.35,59.56666666666666,5.693333333333334,carboidrato,0.66,gluten
"Pão, de soja",308.7263233333333,11.343,56.510333333333335,3.58,carboidrato,3.34,gluten
"Pão, glúten, forma",252.99403,11.950999600092567,44.11899999999999,2.7266666666666666,carboidrato,1.18,gluten
"Pão, milho, forma",292.01349,8.303,56.397,3.11,carboidrato,3.55,gluten
"Pão, trigo, forma, integral",253.1936183333333,9.425166666666666,49.9415,3.6533333333333338,carboidrato,4.98,gluten
"Pão, trigo, francês",299.8101504347826,7.953565217391304,58.64643478260869,3.103333333333333,carboidrato,4.85,gluten
"Pão, trigo, sovado",310.96494,8.398,61.452,2.84,carboidrato,1.82,gluten
"Pastel, de carne, cru",288.7020715159896,10.74069964059194,42.01663369274139,8.793,proteina,4.59,animal
"Pastel, de carne, frito",388.3746516249676,10.104199661890666,43.76780033810934,20.136666666666667,proteina,2.26,animal
"Pastel, de queijo, cru",308.4744338873742,9.853399670282998,45.947933663050335,9.634666666666666,laticinio,2.97,lactose
"Pastel, de queijo, frito",422.11208003931927,8.709599708557128,48.1327336247762,22.67033333333333,laticinio,1.05,lactose
"Pastel, massa, crua",310.2025143333333,6.9027,57.37963333333333,5.477,carboidrato,1.86,nenhuma
"Pastel, massa, frita",569.6724593333333,6.0192000000000005,49.34313333333334,40.86033333333334,carboidrato,1.23,nenhuma
"Pipoca, com óleo de soja, sem sal",448.334261847198,9.927083333333336,70.31258333333334,15.940999999999995,outros,3.54,nenhuma
"Polenta, pré-cozida",102.74116666666669,2.291666666666667,23.311666666666667,0.3033333333333333,outros,2.5,nenhuma
"Torrada, pão francês",377.422283,10.524100000000002,74.5559,3.301,carboidrato,3.8,gluten
"Abóbora, cabotian, cozida",48.04374250000001,1.44375,10.760916666666668,0.7293333333333333,outros,2.23,nenhuma
"Abóbora, cabotian, crua",38.59929420289856,1.7463768115942029,8.360289855072468,0.5366666666666667,outros,3.94,nenhuma
"Abóbora, menina brasileira, crua",13.605673913043486,0.6086956521739131,3.3013043478260893,0.0,outros,3.64,nenhuma
"Abóbora, moranga, crua",12.364436231884042,0.9601449275362318,2.6665217391304306,0.06,outros,2.15,nenhuma
"Abóbora, moranga, refogada",29.003822031756226,0.39375,5.981916666666661,0.799,outros,3.52,nenhuma
"Abóbora, pescoço, crua",24.466267949700352,0.6708333333333334,6.122833333333339,0.1159999999999999,outros,2.67,nenhuma
"Abobrinha, italiana, cozida",15.038520000000023,1.125,2.977000000000007,0.1989999999999999,outros,2.46,nenhuma
"Abobrinha, italiana, crua",19.279126086956484,1.141304347826087,4.292028985507236,0.14,outros,2.45,nenhuma
"Abobrinha, italiana, refogada",24.42960218765336,1.06875,4.18691666666666,0.8213333333333334,outros,1.87,nenhuma
"Abobrinha, paulista, crua",30.810702228816336,0.6395833333333333,7.867419999999999,0.139,outros,3.74,nenhuma
"Acelga, crua",20.942342499999945,1.44375,4.630916666666657,0.106,outros,4.62,nenhuma
"Agrião, cru",16.578801449275325,2.688405797101449,2.2515942028985423,0.2366666666666666,outros,3.26,nenhuma
"Aipo, cru",19.09145664497062,0.7583333333333333,4.272333333333345,0.069,outros,4.54,nenhuma
"Alface, americana, crua",8.794903236866052,0.6083333333333334,1.7453333333333474,0.129,vegetal,0.64,nenhuma
"Alface, crespa, crua",10.68085652173921,1.3478260869565215,1.6955072463768253,0.16,vegetal,2.26,nenhuma
"Alface, lisa, crua",13.820901449275343,1.6884057971014494,2.428260869565218,0.1233333333333333,vegetal,2.39,nenhuma
"Alface, roxa, crua",12.716997363467993,0.90625,2.4934166666666613,0.1916666666666666,vegetal,2.26,nenhuma
"Alfavaca, crua",29.183613081057864,2.658333333333333,5.240999999999999,0.4763333333333333,outros,3.01,nenhuma
"Alho, cru",113.12987826086956,7.010869565217391,23.90579710144928,0.22,outros,1.04,nenhuma
"Alho-poró, cru",31.5079193532467,1.4125,6.878166666666669,0.1396666666666667,outros,3.21,nenhuma
"Almeirão, cru",18.03442898550724,1.7681159420289856,3.3352173913043464,0.2166666666666666,outros,2.69,nenhuma
"Almeirão, refogado",65.08191082886853,1.7041666666666666,5.701499999999994,4.847,outros,2.41,nenhuma
"Batata, baroa, cozida",80.11976250000004,0.8520833333333333,18.94758333333333,0.1663333333333333,outros,1.72,nenhuma
"Batata, baroa, crua",100.98492318840582,1.047101449275362,23.98289855072464,0.17,outros,4.3,nenhuma
"Batata, doce, cozida",76.75961050343517,0.6416666666666667,18.422333333333334,0.0876666666666666,outros,2.76,nenhuma
"Batata, doce, crua",118.24137536231882,1.257246376811594,28.19608695652174,0.1333333333333333,outros,0.87,nenhuma
"Batata, frita, tipo chips, industrializada",542.7346733841896,5.583333333333332,51.22233333333333,36.615,outros,4.59,nenhuma
"Batata, inglesa, cozida",51.588476636270656,1.1645833333333333,11.94375,0.0,outros,1.48,nenhuma
"Batata, inglesa, crua",64.3702260869565,1.7717391304347825,14.688260869565212,0.0,outros,1.13,nenhuma
"Batata, inglesa, frita",267.15742250204084,4.966666666666667,35.64033333333333,13.108666666666666,outros,1.8,nenhuma
"Batata, inglesa, sauté",67.88793615063032,1.2916666666666667,14.093000000000004,0.8963333333333333,outros,1.26,nenhuma
"Berinjela, cozida",18.845285556813074,0.6770833333333334,4.468249999999995,0.1483333333333333,outros,2.79,nenhuma
"Berinjela, crua",19.62775362318839,1.221014492753623,4.428985507246369,0.1,outros,0.77,nenhuma
"Beterraba, cozida",32.15432433140276,1.29375,7.234916666666663,0.0926666666666666,outros,1.06,nenhuma
"Beterraba, crua",48.82850869565215,1.9456521739130437,11.111014492753624,0.09,outros,4.22,nenhuma
"Biscoito, polvilho doce",437.549,1.2916666666666667,80.53533333333334,12.249,outros,1.32,nenhuma
"Brócolis, cozido",24.63616311136879,2.1333333333333333,4.366666666666663,0.459,outros,1.3,nenhuma
"Brócolis, cru",25.495131884057955,3.6449275362318847,4.025072463768115,0.2666666666666666,outros,4.67,nenhuma
"Cará, cozido",77.58491333333336,1.5291666666666668,18.8525,0.1123333333333333,outros,4.46,nenhuma
"Cará, cru",95.6331347826087,2.282608695652174,22.954057971014496,0.1366666666666667,outros,1.46,nenhuma
"Caruru, cru",34.03162971734997,3.2,5.973999999999993,0.585,outros,1.23,nenhuma
"Catalonha, crua",23.888412257373297,1.86875,4.75224999999999,0.2823333333333333,outros,1.01,nenhuma
"Catalonha, refogada",63.449269148826616,1.95,4.809333333333338,4.805666666666666,outros,3.27,nenhuma
"Cebola, crua",39.420046376811584,1.7101449275362322,8.853188405797098,0.08,outros,1.27,nenhuma
"Cebolinha, crua",19.51588550724644,1.865942028985507,3.370724637681165,0.35,outros,1.05,nenhuma
"Cenoura, cozida",29.86177771015958,0.8479166666666668,6.686749999999989,0.2183333333333333,vegetal,4.29,nenhuma
"Cenoura, crua",34.13538840579714,1.322463768115942,7.66,0.1733333333333333,vegetal,2.75,nenhuma
"Chicória, crua",13.837120289855095,1.1376811594202898,2.853333333333344,0.1433333333333333,outros,4.35,nenhuma
"Chuchu, cozido",18.53979053137702,0.4145833333333333,4.7934166666666655,0.0,outros,0.84,nenhuma
"Chuchu, cru",16.97891884057972,0.6992753623188407,4.137391304347834,0.06,outros,2.35,nenhuma
"Coentro, folhas desidratadas",309.0707468044758,20.875,47.955,10.386666666666668,outros,2.65,nenhuma
"Couve, manteiga, crua",27.05669710144928,2.873188405797101,4.333478260869559,0.5466666666666667,outros,4.57,nenhuma
"Couve, manteiga, refogada",90.34481542611124,1.6666666666666667,8.707666666666668,6.594,outros,2.64,nenhuma
"Couve-flor, crua",22.56334927536229,1.9057971014492752,4.517536231884062,0.2133333333333333,outros,0.59,nenhuma
"Couve-flor, cozida",19.114140614728186,1.2395833333333333,3.875416666666677,0.2693333333333333,outros,3.1,nenhuma
"Espinafre, Nova Zelândia, cru",16.095694202898525,1.996376811594203,2.5736231884057963,0.2433333333333333,outros,4.93,nenhuma
"Espinafre, Nova Zelândia, refogado",67.25365175066395,2.71875,4.238583333333339,5.434666666666668,outros,0.74,nenhuma
"Farinha, de mandioca, crua",360.8696985507246,1.5543478260869563,87.89898550724637,0.2766666666666666,outros,0.84,gluten
"Farinha, de mandioca, torrada",365.268975,1.2291666666666667,89.19416666666666,0.2866666666666667,outros,2.94,gluten
"Farinha, de puba",360.17977487993244,1.6166666666666667,87.28533333333334,0.469,outros,0.51,gluten
"Fécula, de mandioca",330.85055833333337,0.5208333333333333,81.14916666666667,0.2833333333333334,outros,2.58,nenhuma
"Feijão, broto, cru",38.723236375411325,4.166666666666666,7.758333333333329,0.1026666666666666,outros,4.42,nenhuma
"Inhame, cru",96.69983188405796,2.05072463768116,23.23260869565217,0.2133333333333333,outros,3.3,nenhuma
"Jiló, cru",27.36514347826087,1.4021739130434785,6.191159420289859,0.22,outros,1.89,nenhuma
"Jurubeba, crua",125.81163499999998,4.4125,23.059166666666663,3.9096666666666655,outros,4.97,nenhuma
"Mandioca, cozida",125.35825000000004,0.575,30.09,0.2983333333333333,outros,3.66,nenhuma
"Mandioca, crua",151.4169565217391,1.1304347826086958,36.16956521739131,0.3,outros,4.04,nenhuma
"Mandioca, farofa, temperada",405.69394166666666,2.0625,80.30416666666666,9.12,outros,1.13,nenhuma
"Mandioca, frita",300.0552433891495,1.38125,50.25141666666666,11.195,outros,4.83,nenhuma
"Manjericão, cru",21.14767681159422,1.985507246376812,3.644492753623192,0.3933333333333333,outros,3.83,nenhuma
"Maxixe, cru",13.747236086956516,1.391304347826087,2.7286956521739105,0.073,outros,3.41,nenhuma
"Mostarda, folha, crua",18.107389052172486,2.110416666666667,3.2365833333333267,0.1676666666666666,outros,0.93,nenhuma
"Nhoque, batata, cozido",180.7752739934126,5.8583333333333325,36.78,1.9433333333333331,outros,0.98,nenhuma
"Nabo, cru",18.18662463768122,1.2028985507246377,4.147101449275376,0.0533333333333333,outros,3.14,nenhuma
"Palmito, juçara, em conserva",23.199716434081346,1.7916666666666667,4.328333333333326,0.4033333333333333,outros,3.33,nenhuma
"Palmito, pupunha, em conserva",29.43196333333332,2.458333333333333,5.508999999999997,0.45,outros,4.72,nenhuma
"Pão, de queijo, assado",363.07791333333336,5.120833333333334,34.2415,24.56733333333333,carboidrato,4.99,lactose
"Pão, de queijo, cru",294.538,3.648,38.51200000000001,13.988666666666669,carboidrato,2.35,lactose
"Pepino, cru",9.53369130434782,0.8695652173913043,2.037101449275353,0.0,outros,1.39,nenhuma
"Pimentão, amarelo, cru",27.92745942028985,1.2246376811594204,5.962028985507248,0.4366666666666667,outros,1.5,nenhuma
"Pimentão, verde, cru",21.28588115942029,1.0507246376811594,4.892608695652178,0.15,outros,1.42,nenhuma
"Pimentão, vermelho, cru",23.28136376811601,1.039855072463768,5.466811594202911,0.1466666666666667,outros,3.57,nenhuma
"Polvilho, doce",351.2267333333333,0.43,86.77333333333333,0.0,outros,3.41,nenhuma
"Quiabo, cru",29.93926215006908,1.91875,6.373916666666666,0.299,outros,4.59,nenhuma
"Rabanete, cru",13.738126086956488,1.391304347826087,2.7253623188405807,0.0733333333333333,outros,4.84,nenhuma
"Repolho, branco, cru",17.11880289855071,0.8768115942028986,3.859855072463769,0.1433333333333333,outros,1.04,nenhuma
"Repolho, roxo, cru",30.907502954324087,1.908333333333333,7.204000000000001,0.0636666666666666,outros,3.29,nenhuma
"Repolho, roxo, refogado",41.77352528971434,1.8020833333333333,7.561583333333334,1.2403333333333333,outros,2.67,nenhuma
"Rúcula, crua",13.133256607294062,1.7666666666666664,2.2196666666666607,0.1073333333333333,outros,1.29,nenhuma
"Salsa, crua",33.424111594202884,3.2572463768115942,5.706086956521735,0.61,outros,3.77,nenhuma
"Seleta de legumes, enlatada",56.53377246376815,3.4202898550724634,12.669710144927544,0.3533333333333333,vegetal,4.09,nenhuma
"Serralha, crua",30.397934166666644,2.6729166666666666,4.946749999999999,0.7426666666666666,outros,3.38,nenhuma
"Taioba, crua",34.208918333333315,2.895833333333333,5.430499999999991,0.9266666666666667,outros,4.54,nenhuma
"Tomate, com semente, cru",15.335156521739158,1.0978260869565215,3.138840579710146,0.1733333333333333,vegetal,2.73,nenhuma
"Tomate, extrato",60.93343365217388,2.4347826086956523,14.95861739130434,0.19,vegetal,4.93,nenhuma
"Tomate, molho industrializado",38.446549460490566,1.375,7.711666666666678,0.9033333333333332,vegetal,1.29,nenhuma
"Tomate, purê",27.93687971014494,1.36231884057971,6.894347826086953,0.0,vegetal,2.1,nenhuma
"Tomate, salada",20.54690916666664,0.8104166666666668,5.117916666666662,0.0,vegetal,0.65,nenhuma
"Vagem, crua",24.898357971014487,1.786231884057971,5.347101449275358,0.1733333333333333,outros,1.97,nenhuma
"Abacate, cru",96.1547086956522,1.2391304347826086,6.0308695652173965,8.396666666666667,outros,4.68,nenhuma
"Abacaxi, cru",48.32221304347824,0.8586956521739131,12.33463768115941,0.1233333333333333,outros,1.5,nenhuma
"Abacaxi, polpa, congelada",30.591799194335923,0.4666666666666666,7.798666666666662,0.1133333333333333,outros,1.94,nenhuma
"Abiu, cru",62.42409840854006,0.8333333333333334,14.926999999999998,0.7033333333333333,outros,1.65,nenhuma
"Açaí, polpa, com xarope de guaraná e glucose",110.29759,0.7208333333333334,21.45516666666667,3.660333333333333,outros,3.36,nenhuma
"Açaí, polpa, congelada",58.04536887282133,0.7979166666666667,6.2084166666666665,3.944333333333333,outros,3.73,nenhuma
"Acerola, crua",33.46227000000003,0.90625,7.966416666666672,0.2076666666666666,outros,2.87,nenhuma
"Acerola, polpa, congelada",21.936799999999977,0.5916666666666668,5.541333333333331,0.0,outros,1.06,nenhuma
"Ameixa, calda, enlatada",182.84662000000003,0.4083333333333334,46.89266666666667,0.0,outros,2.4,nenhuma
"Ameixa, crua",52.54248260869565,0.7717391304347826,13.851594202898552,0.0,outros,1.26,nenhuma
"Ameixa, em calda, enlatada, drenada",177.35918531537055,1.025,47.658,0.2803333333333333,outros,1.52,nenhuma
"Atemóia, crua",96.97158744792144,0.9708333333333332,25.332166666666662,0.3003333333333333,outros,3.07,nenhuma
"Banana, da terra, crua",128.02445217391306,1.4347826086956523,33.66521739130435,0.24,fruta,2.8,nenhuma
"Banana, doce em barra",280.10519255063934,2.16875,75.66658333333334,0.05,fruta,2.58,nenhuma
"Banana, figo, crua",105.08265000000002,1.13125,27.80441666666667,0.1416666666666667,fruta,1.11,nenhuma
"Banana, maçã, crua",86.80533043478259,1.7536231884057971,22.3363768115942,0.06,fruta,3.77,nenhuma
"Banana, nanica, crua",91.52884782608696,1.3985507246376814,23.848115942028983,0.1166666666666666,fruta,1.36,nenhuma
"Banana, ouro, crua",112.36604782608694,1.4818840579710144,29.341449275362308,0.21,fruta,1.64,nenhuma
"Banana, pacova, crua",77.90952792507412,1.2270833333333333,20.312583333333333,0.079,fruta,1.31,nenhuma
"Banana, prata, crua",98.24970217391306,1.2681159420289856,25.956884057971017,0.065,fruta,4.19,nenhuma
"Cacau, cru",74.29148000000004,0.9541666666666664,19.41116666666668,0.144,outros,3.58,nenhuma
"Cajá-Manga, cru",45.58096877372266,1.2791666666666666,11.434166666666664,0.0,outros,3.58,nenhuma
"Cajá, polpa, congelada",26.332269311050556,0.5895833333333333,6.374416666666661,0.1676666666666666,outros,1.03,nenhuma
"Caju, cru",43.06506852173912,0.9710144927536232,10.288988840579703,0.33,outros,2.71,nenhuma
"Caju, polpa, congelada",36.568679999999965,0.48125,9.350749999999994,0.154,outros,3.54,nenhuma
"Caju, suco concentrado, envasado",45.10862666666668,0.4041666666666667,10.733833333333331,0.2,outros,3.71,nenhuma
"Caqui, chocolate, cru",71.35001811164616,0.35625,19.32575,0.0693333333333333,outros,1.24,nenhuma
"Carambola, crua",45.74088879342872,0.8708333333333333,11.481499999999995,0.1769999999999999,outros,1.8,nenhuma
"Ciriguela, crua",75.59411,1.3979166666666667,18.857416666666666,0.3596666666666666,outros,2.48,nenhuma
"Cupuaçu, cru",49.42255877437193,1.1604166666666664,10.433583333333337,0.9513333333333334,outros,2.53,nenhuma
"Cupuaçu, polpa, congelada",48.79688999999999,0.84375,11.386916666666668,0.5936666666666667,outros,4.83,nenhuma
"Figo, cru",41.44712608695652,0.967391304347826,10.245942028985509,0.1566666666666666,outros,3.5,nenhuma
"Figo, enlatado, em calda",184.36071739130435,0.5615942028985508,50.33840579710145,0.15,outros,2.85,nenhuma
"Fruta-pão, crua",67.04561999999997,1.08125,17.17441666666665,0.1893333333333333,carboidrato,4.26,gluten
"Goiaba, branca, com casca, crua",51.73774782608695,0.8985507246376812,12.40144927536232,0.4866666666666666,outros,1.22,nenhuma
"Goiaba, doce em pasta",268.9598260869565,0.5797101449275363,74.1236231884058,0.0,outros,4.27,nenhuma
"Goiaba, doce, cascão",285.5877924390037,0.4145833333333333,78.70275,0.1033333333333333,outros,1.24,nenhuma
"Goiaba, vermelha, com casca, crua",54.16993043478262,1.0869565217391304,13.009710144927531,0.44,outros,3.15,nenhuma
"Graviola, crua",61.62189837666358,0.8458333333333333,15.839500000000008,0.21,outros,3.74,nenhuma
"Graviola, polpa, congelada",38.27386999999997,0.5666666666666667,9.782666666666657,0.1376666666666667,outros,3.7,nenhuma
"Jabuticaba, crua",58.05315000000004,0.6125,15.255833333333335,0.1283333333333333,outros,4.19,nenhuma
"Jaca, crua",87.92034999999997,1.4020833333333336,22.497583333333324,0.265,outros,4.81,nenhuma
"Jambo, cru",26.91229999999998,0.8854166666666669,6.494250000000001,0.0666666666666666,outros,2.02,nenhuma
"Jamelão, cru",41.00970891670385,0.5458333333333333,10.627166666666664,0.1096666666666666,outros,1.98,nenhuma
"Kiwi, cru",51.13633043478264,1.3369565217391304,11.499710144927535,0.6266666666666666,outros,1.37,nenhuma
"Laranja, baía, crua",45.43811739130433,0.9782608695652176,11.468405797101452,0.1033333333333333,fruta,3.26,nenhuma
"Laranja, baía, suco",36.64948260869561,0.6521739130434783,8.69782608695652,0.0,fruta,1.33,nenhuma
"Laranja, da terra, crua",51.47112863928077,1.0770833333333334,12.860583333333317,0.1856666666666666,fruta,1.85,nenhuma
"Laranja, da terra, suco",40.95600731086733,0.6666666666666667,9.573333333333336,0.142,fruta,1.67,nenhuma
"Laranja, lima, crua",45.70103878062962,1.05625,11.53375,0.0753333333333333,fruta,3.03,nenhuma
"Laranja, lima, suco",39.3360939441324,0.7145833333333333,9.16741666666668,0.1193333333333333,fruta,1.88,nenhuma
"Laranja, pêra, crua",36.77376521739132,1.0434782608695652,8.946521739130437,0.1266666666666666,fruta,1.64,nenhuma
"Laranja, pêra, suco",32.70975362318838,0.7391304347826088,7.554202898550721,0.0733333333333333,fruta,4.45,nenhuma
"Laranja, valência, crua",46.109628783385006,0.7666666666666666,11.723000000000011,0.159,fruta,2.89,nenhuma
"Laranja, valência, suco",36.19635058768591,0.4833333333333333,8.554000000000004,0.1243333333333333,fruta,2.4,nenhuma
"Limão, cravo, suco",14.103733399311682,0.325,5.246666666666659,0.0,outros,4.42,nenhuma
"Limão, galego, suco",22.22504347826089,0.5652173913043479,7.321449275362319,0.0666666666666666,outros,3.32,nenhuma
"Limão, tahiti, cru",31.818153430163903,0.9395833333333332,11.084416666666677,0.14,outros,1.66,nenhuma
"Maçã, Argentina, com casca, crua",62.53181836628912,0.225,16.587999999999997,0.246,fruta,2.9,nenhuma
"Maçã, Fuji, com casca, crua",55.51520000000005,0.2866666666666667,15.15333333333334,0.0,fruta,4.79,nenhuma
"Macaúba, crua",404.2818766666667,2.0828999999999995,13.945433333333336,40.656666666666666,fruta,1.55,nenhuma
"Mamão, doce em calda, drenado",195.62747482178608,0.19375,54.00358333333333,0.0673333333333333,outros,2.03,nenhuma
"Mamão, Formosa, cru",45.34074782608691,0.8152173913043478,11.554782608695644,0.12,outros,4.42,nenhuma
"Mamão, Papaia, cru",40.156768942296566,0.45625,10.439750000000016,0.1243333333333333,outros,4.36,nenhuma
"Mamão verde, doce em calda, drenado",209.3762544589043,0.3166666666666666,57.63666666666667,0.098,outros,2.13,nenhuma
"Manga, Haden, crua",63.50031833879153,0.4083333333333334,16.662666666666667,0.256,outros,1.43,nenhuma
"Manga, Palmer, crua",72.48673809168733,0.4104166666666666,19.35224999999999,0.172,outros,1.22,nenhuma
"Manga, polpa, congelada",48.30588,0.38125,12.518416666666663,0.2339999999999999,outros,3.9,nenhuma
"Manga, Tommy Atkins, crua",50.69218260869563,0.8550724637681161,12.771594202898536,0.22,outros,4.03,nenhuma
"Maracujá, cru",68.43950869565214,1.9891304347826089,12.264202898550716,2.103333333333333,outros,2.1,nenhuma
"Maracujá, polpa, congelada",38.75969999999999,0.8125,9.597499999999991,0.1766666666666666,outros,4.86,nenhuma
"Maracujá, suco concentrado, envasado",41.96731999999999,0.7666666666666666,9.635999999999992,0.1933333333333333,outros,4.12,nenhuma
"Melancia, crua",32.60662608695646,0.8840579710144928,8.139275362318838,0.0,outros,4.69,nenhuma
"Melão, cru",29.369391304347808,0.6775362318840581,7.525797101449274,0.0,outros,4.2,nenhuma
"Mexerica, Murcote, crua",57.592778474648775,0.8833333333333334,14.861999999999998,0.134,outros,4.58,nenhuma
"Mexerica, Rio, crua",36.871350000000064,0.65,9.337000000000014,0.1283333333333333,outros,0.71,nenhuma
"Morango, cru",30.147917391304357,0.8949275362318839,6.818405797101459,0.31,outros,2.06,nenhuma
"Nêspera, crua",42.539198868195214,0.3083333333333333,11.52866666666666,0.0,outros,0.81,nenhuma
"Pequi, cru",204.96677,2.3354166666666667,12.972916666666666,17.971,outros,1.12,nenhuma
"Pêra, Park, crua",60.58859,0.2354166666666667,16.074916666666663,0.2303333333333333,outros,2.46,nenhuma
"Pêra, Williams, crua",53.309047826086925,0.5652173913043479,14.02478260869564,0.11,outros,1.1,nenhuma
"Pêssego, Aurora, cru",36.327599024534216,0.825,9.321000000000003,0.0,outros,1.03,nenhuma
"Pêssego, enlatado, em calda",63.142434782608696,0.7065217391304348,16.880144927536232,0.0,outros,3.14,nenhuma
"Pinha, crua",88.4735276668668,1.4854166666666666,22.447916666666668,0.319,outros,3.52,nenhuma
"Pitanga, crua",41.41552999999997,0.9291666666666664,10.24416666666666,0.169,outros,2.56,nenhuma
"Pitanga, polpa, congelada",19.10545950235922,0.2854166666666666,4.7585833333333305,0.1213333333333333,outros,0.57,nenhuma
"Romã, crua",55.73900000000001,0.4041666666666667,15.105833333333337,0.0,outros,1.84,nenhuma
"Tamarindo, cru",275.69564269441366,3.20625,72.53175,0.455,outros,3.54,nenhuma
"Tangerina, Poncã, crua",37.83059999999995,0.8478260869565218,9.60999999999999,0.0733333333333333,outros,1.67,nenhuma
"Tangerina, Poncã, suco",36.10879999999999,0.5217391304347826,8.8,0.0,outros,1.8,nenhuma
"Tucumã, cru",262.01519507239266,2.09375,26.47458333333333,19.076666666666668,outros,1.71,nenhuma
"Umbu, cru",37.016689999999976,0.8416666666666668,9.395333333333332,0.0,outros,2.01,nenhuma
"Umbu, polpa, congelada",33.943290000000005,0.5125,8.78683333333333,0.0703333333333333,outros,2.85,nenhuma
"Uva, Itália, crua",52.87310000000007,0.7463768115942029,13.573333333333345,0.2033333333333333,outros,1.18,nenhuma
"Uva, Rubi, crua",49.06128999999997,0.6083333333333333,12.69533333333333,0.157,outros,1.64,nenhuma
"Uva, suco concentrado, envasado",57.65536,0.0,14.708000000000002,0.0,outros,1.69,nenhuma
"Azeite, de dendê",884.0,,,100.0,outros,2.03,nenhuma
"Azeite, de oliva, extra virgem",884.0,,,100.0,outros,4.66,nenhuma
"Manteiga, com sal",725.9689268459988,0.4147000074386597,0.0632999925613329,82.361,outros,1.28,nenhuma
"Manteiga, sem sal",757.5404607259967,0.3955600070953369,0.0,86.03933333333333,outros,3.5,nenhuma
"Margarina, com óleo hidrogenado, com sal (65% de lipídeos)",596.1195169563294,0.0,0.0,67.43433333333334,outros,4.82,nenhuma
"Margarina, com óleo hidrogenado, sem sal (80% de lipídeos)",722.525625804901,0.0,0.0,81.73366666666665,outros,1.73,nenhuma
"Margarina, com óleo interesterificado, com sal (65%de lipídeos)",594.4516933333332,0.0,0.0,67.24566666666665,outros,3.53,nenhuma
"Margarina, com óleo interesterificado, sem sal (65% de lipídeos)",593.1374902381897,0.0,0.0,67.097,outros,1.96,nenhuma
"Óleo, de babaçu",884.0,,,100.0,outros,4.23,nenhuma
"Óleo, de canola",884.0,,,100.0,outros,4.15,nenhuma
"Óleo, de girassol",884.0,,,100.0,outros,1.06,nenhuma
"Óleo, de milho",884.0,,,100.0,outros,4.34,nenhuma
"Óleo, de pequi",884.0,,,100.0,outros,1.16,nenhuma
"Óleo, de soja",884.0,,,100.0,outros,2.87,nenhuma
"Abadejo, filé, congelado, assado",111.6155034511884,23.525,0.0,1.2376666666666667,outros,3.52,nenhuma
"Abadejo, filé, congelado,cozido",91.10354839555424,19.34583333333333,0.0,0.942,outros,1.22,nenhuma
"Abadejo, filé, congelado, cru",59.11303324858347,13.083333333333332,0.0,0.36,outros,1.04,nenhuma
"Abadejo, filé, congelado, grelhado",129.6435259028673,27.610416666666666,0.0,1.3023333333333331,outros,2.78,nenhuma
"Atum, conserva em óleo",165.91056057890256,26.1875,0.0,5.996666666666666,outros,4.36,nenhuma
"Atum, fresco, cru",117.50099999999998,25.68,0.0,0.87,outros,4.93,nenhuma
"Bacalhau, salgado, cru",135.89296666666664,29.036666666666665,0.0,1.32,outros,1.13,nenhuma
"Bacalhau, salgado, refogado",139.66070105353995,23.979166666666664,1.2241666666666786,3.606666666666667,outros,0.77,nenhuma
"Cação, posta, com farinha de trigo, frita",208.3327437259753,24.95208333333333,3.100583333333332,9.954333333333333,outros,4.35,gluten
"Cação, posta, cozida",116.01448068765797,25.589583333333326,0.0,0.7479999999999999,outros,1.64,nenhuma
"Cação, posta, crua",83.33302501956622,17.854166666666668,0.0,0.7866666666666666,outros,4.15,nenhuma
"Camarão, Rio Grande, grande, cozido",90.01368009630838,18.966666666666665,0.0,1.0006666666666666,outros,4.76,nenhuma
"Camarão, Rio Grande, grande, cru",47.18343670543035,9.991666666666667,0.0,0.501,outros,3.7,nenhuma
"Camarão, Sete Barbas, sem cabeça, com casca, frito",231.24615385087333,18.3875,2.8798333333333326,15.620333333333331,outros,3.51,nenhuma
"Caranguejo, cozido",82.72150150783858,18.479166666666668,0.0,0.423,outros,1.58,nenhuma
"Corimba, cru",128.1554,17.366666666666667,-0.0266666666666661,5.986666666666667,outros,2.68,nenhuma
"Corimbatá, assado",261.45243941056725,19.897916666666667,0.0,19.566333333333333,outros,3.32,nenhuma
"Corimbatá, cozido",238.6961048673392,20.13125,0.0,16.933000000000003,outros,0.77,nenhuma
"Corvina de água doce, crua",101.00903333333332,18.916666666666668,0.0,2.2433333333333336,outros,4.03,nenhuma
"Corvina do mar, crua",94.0,18.57,0.0,1.5833333333333333,outros,0.82,nenhuma
"Corvina grande, assada",146.52814112536112,26.766666666666666,0.0,3.5736666666666665,outros,4.04,nenhuma
"Corvina grande, cozida",100.07812455296516,23.4375,0.0,2.5626666666666664,outros,1.17,nenhuma
"Dourada de água doce, fresca",131.2083147237698,18.810416666666665,0.0,5.641666666666667,outros,4.12,nenhuma
"Lambari, congelado, cru",130.84031100948653,16.8125,0.0,6.546666666666667,outros,4.73,nenhuma
"Lambari, congelado, frito",326.86839988660813,28.425,0.0,22.782,outros,1.94,nenhuma
"Lambari, fresco, cru",151.598346503218,15.652083333333334,0.0,9.397333333333334,outros,1.53,nenhuma
"Manjuba, com farinha de trigo, frita",343.55045872306823,23.45,10.24033333333333,22.593,outros,0.64,gluten
"Manjuba, frita",349.32523145536584,30.13958333333333,0.0,24.46,outros,3.52,nenhuma
"Merluza, filé, assado",121.91021833333332,26.604166666666668,0.0,0.9213333333333334,outros,4.74,nenhuma
"Merluza, filé, cru",89.13086666666665,16.606666666666666,0.0,2.02,outros,2.53,nenhuma
"Merluza, filé, frito",191.62747837583225,26.929166666666664,0.0,8.496666666666668,outros,4.86,nenhuma
"Pescada, branca, crua",110.8763,16.263333333333332,0.0,4.593333333333334,outros,4.86,nenhuma
"Pescada, branca, frita",223.0397323693037,27.35625,0.0,11.777,outros,4.08,nenhuma
"Pescada, filé, com farinha de trigo, frito",283.4252144319614,21.435416666666665,5.033250000000005,19.115,outros,4.81,gluten
"Pescada, filé, cru",107.20556666666666,16.65,0.0,4.003333333333334,outros,3.5,nenhuma
"Pescada, filé, frito",154.270025,28.5875,0.0,3.57,outros,0.52,nenhuma
"Pescada, filé, molho escabeche",141.9583228750229,11.75,5.0153333333333405,8.024,outros,4.69,nenhuma
"Pescadinha, crua",76.40890833333334,15.47916666666667,0.0,1.143333333333333,outros,2.79,nenhuma
"Pintado, assado",191.5591411275864,36.45,0.0,3.9820000000000007,outros,3.16,nenhuma
"Pintado, cru",91.08323333333333,18.55666666666667,0.0,1.3133333333333337,outros,4.8,nenhuma
"Pintado, grelhado",152.19008833333334,30.79583333333333,0.0,2.294,outros,1.93,nenhuma
"Porquinho, cru",93.02456666666666,20.49,0.0,0.6133333333333333,outros,4.92,nenhuma
"Salmão, filé, com pele, fresco,  grelhado",228.73177513531843,23.91875,0.0,14.035333333333334,outros,4.71,nenhuma
"Salmão, sem pele, fresco, cru",169.78157991055645,19.25208333333333,0.0,9.708999999999998,outros,3.75,nenhuma
"Salmão, sem pele, fresco, grelhado",242.7065694870949,26.14166666666667,0.0,14.532333333333334,outros,1.15,nenhuma
"Sardinha, assada",164.3507883333333,32.17916666666667,0.0,2.9873333333333334,outros,4.99,nenhuma
"Sardinha, conserva em óleo",284.9810048712492,15.939583333333337,0.0,24.048666666666666,outros,4.07,nenhuma
"Sardinha, frita",257.0407,33.38333333333334,0.0,12.693333333333332,outros,0.97,nenhuma
"Sardinha, inteira, crua",113.90036666666666,21.076666666666668,0.0,2.65,outros,3.87,nenhuma
"Tucunaré, filé, congelado, cru",87.686483549277,17.958333333333336,-0.0450000000000079,1.22,outros,4.63,nenhuma
Apresuntado,128.8572558120092,13.45,2.862000000000004,6.690666666666666,outros,3.63,nenhuma
"Caldo de carne, tablete",240.6233333333333,7.82,15.053333333333342,16.57,proteina,2.23,animal
"Caldo de galinha, tablete",251.44566666666665,6.279166666666666,10.645499999999991,20.41633333333333,outros,3.66,nenhuma
"Carne, bovina, acém, moído, cozido",212.4204,26.68666666666667,0.0,10.916666666666666,proteina,1.45,animal
"Carne, bovina, acém, moído, cru",136.56233333333333,19.42,0.0,5.946666666666666,proteina,0.99,animal
"Carne, bovina, acém, sem gordura, cozido",214.61056666666664,27.27,0.0,10.883333333333333,proteina,4.41,animal
"Carne, bovina, acém, sem gordura, cru",144.02943333333332,20.816666666666663,0.0,6.113333333333333,proteina,2.43,animal
"Carne, bovina, almôndegas, cruas",189.2566666666666,12.3125,9.794166666666657,11.203333333333331,proteina,4.87,animal
"Carne, bovina, almôndegas, fritas",271.813,18.15625,14.286749999999996,15.782333333333334,proteina,1.04,animal
"Carne, bovina, bucho, cozido",133.02286666666666,21.64,0.0,4.503333333333334,proteina,3.02,animal
"Carne, bovina, bucho, cru",137.30316666666667,20.53,0.0,5.503333333333333,proteina,1.82,animal
"Carne, bovina, capa de contra-filé, com gordura, crua",216.9089666666667,19.19666666666667,0.0,14.96,proteina,4.95,animal
"Carne, bovina, capa de contra-filé, com gordura, grelhada",311.7026666666667,30.686666666666667,0.0,20.03,proteina,2.22,animal
"Carne, bovina, capa de contra-filé, sem gordura, crua",131.06246666666664,21.54,0.0,4.333333333333333,proteina,2.27,animal
"Carne, bovina, capa de contra-filé, sem gordura, grelhada",239.44363333333328,35.06333333333333,-0.0066666666666748,9.95,proteina,3.3,animal
"Carne, bovina, charque, cozido",262.7801422621807,36.364583333333336,0.0,11.918333333333337,proteina,3.95,animal
"Carne, bovina, charque, cru",248.861018107454,22.71458333333333,0.0,16.837,proteina,4.76,animal
"Carne, bovina, contra-filé, à milanesa",351.5926591989994,20.6125,12.174499999999991,23.998,proteina,4.39,animal
"Carne, bovina, contra-filé de costela, cru",202.4374,19.8,0.0,13.07,proteina,2.29,animal
"Carne, bovina, contra-filé de costela, grelhado",274.91426666666666,29.88,0.0,16.333333333333332,proteina,4.84,animal
"Carne, bovina, contra-filé, com gordura, cru",205.8567,21.15,0.0,12.81,proteina,2.76,animal
"Carne, bovina, contra-filé, com gordura, grelhado",278.05356666666665,32.39666666666667,0.0,15.49,proteina,1.65,animal
"Carne, bovina, contra-filé, sem gordura, cru",156.6158333333333,23.996666666666663,0.0,6.003333333333334,proteina,3.09,animal
"Carne, bovina, contra-filé, sem gordura, grelhado",193.69156666666663,35.88333333333333,0.0,4.486666666666667,proteina,1.88,animal
"Carne, bovina, costela, assada",373.03886666666665,28.80666666666667,0.0,27.72,proteina,2.28,animal
"Carne, bovina, costela, crua",357.72246666666666,16.706666666666667,0.0,31.75,proteina,2.46,animal
"Carne, bovina, coxão duro, sem gordura, cozido",216.616066666667,31.88,0.0,8.923333333333334,proteina,3.14,animal
"Carne, bovina, coxão duro, sem gordura, cru",147.96633333333335,21.513333333333332,0.0,6.22,proteina,0.69,animal
"Carne, bovina, coxão mole, sem gordura, cozido",218.6751,32.38333333333333,0.0,8.913333333333332,proteina,3.65,animal
"Carne, bovina, coxão mole, sem gordura, cru",169.06596666666667,21.23,0.0,8.693333333333333,proteina,1.55,animal
"Carne, bovina, cupim, assado",330.1002908333333,28.63125,0.0,23.042666666666666,proteina,2.93,animal
"Carne, bovina, cupim, cru",221.3975,19.536666666666665,0.0,15.296666666666669,proteina,2.3,animal
"Carne, bovina, fígado, cru",141.04586666666663,20.71333333333333,1.106666666666668,5.3566666666666665,proteina,2.96,animal
"Carne, bovina, fígado, grelhado",225.0264,29.86,4.2,9.01,proteina,4.69,animal
"Carne, bovina, filé mingnon, sem gordura, cru",142.86426666666665,21.6,0.0,5.613333333333333,proteina,2.5,animal
"Carne, bovina, filé mingnon, sem gordura, grelhado",219.7026,32.8,0.0,8.83,proteina,3.83,animal
"Carne, bovina, flanco, sem gordura, cozido",195.5753666666667,29.37666666666667,0.0,7.77,proteina,4.19,animal
"Carne, bovina, flanco, sem gordura, cru",141.46009999999998,19.996666666666663,0.0,6.216666666666666,proteina,2.05,animal
"Carne, bovina, fraldinha, com gordura, cozida",338.4457333333333,24.24,0.0,26.046666666666667,proteina,3.8,animal
"Carne, bovina, fraldinha, com gordura, crua",220.72376666666665,17.583333333333332,0.0,16.146666666666665,proteina,1.37,animal
"Carne, bovina, lagarto, cozido",222.46856666666667,32.86333333333334,0.0,9.106666666666667,proteina,4.21,animal
"Carne, bovina, lagarto, cru",134.86456666666663,20.543333333333333,0.0,5.226666666666667,proteina,4.02,animal
"Carne, bovina, língua, cozida",314.9016,21.366666666666664,0.0,24.796666666666667,proteina,3.05,animal
"Carne, bovina, língua, crua",215.24976666666663,17.09,0.0,15.773333333333332,proteina,4.5,animal
"Carne, bovina, maminha, crua",152.76586666666665,20.933333333333334,0.0,7.026666666666666,proteina,1.37,animal
"Carne, bovina, maminha, grelhada",153.0896758333333,30.735416666666666,0.0,2.422333333333333,proteina,2.07,animal
"Carne, bovina, miolo de alcatra, sem gordura, cru",162.87123333333332,21.61,0.0,7.826666666666667,proteina,3.8,animal
"Carne, bovina, miolo de alcatra, sem gordura, grelhado",241.36396666666667,31.93,0.0,11.643333333333336,proteina,3.58,animal
"Carne, bovina, músculo, sem gordura, cozido",193.80033333333333,31.23333333333333,0.0,6.7,proteina,0.79,animal
"Carne, bovina, músculo, sem gordura, cru",141.581,21.56,0.0,5.49,proteina,3.16,animal
"Carne, bovina, paleta, com gordura, crua",158.7099,21.41,0.0,7.46,proteina,3.73,animal
"Carne, bovina, paleta, sem gordura, cozida",193.6524,29.72,0.0,7.4,proteina,3.69,animal
"Carne, bovina, paleta, sem gordura, crua",140.9415,21.03,0.0,5.67,proteina,1.91,animal
"Carne, bovina, patinho, sem gordura, cru",133.46889999999996,21.72333333333333,0.0,4.513333333333333,proteina,3.53,animal
"Carne, bovina, patinho, sem gordura, grelhado",219.25926666666663,35.9,0.0,7.313333333333333,proteina,3.04,animal
"Carne, bovina, peito, sem gordura, cozido",338.4731333333333,22.24666666666667,0.0,26.99333333333333,proteina,2.41,animal
"Carne, bovina, peito, sem gordura, cru",259.2756333333333,17.55666666666667,0.0,20.433333333333334,proteina,2.75,animal
"Carne, bovina, picanha, com gordura, crua",212.8794333333333,18.82333333333333,0.0,14.69,proteina,1.53,animal
"Carne, bovina, picanha, com gordura, grelhada",288.7670916666666,26.42083333333333,0.0,19.506666666666664,proteina,2.13,animal
"Carne, bovina, picanha, sem gordura, crua",133.52236666666667,21.25,0.0,4.743333333333333,proteina,2.2,animal
"Carne, bovina, picanha, sem gordura, grelhada",238.4681333333333,31.906666666666663,0.0,11.333333333333334,proteina,1.15,animal
"Carne, bovina, seca, cozida",312.799033691446,26.93125,0.0,21.92933333333333,proteina,2.25,animal
"Carne, bovina, seca, crua",312.7484279036522,19.65833333333333,0.0,25.36666666666667,proteina,3.39,animal
"Coxinha de frango, frita",283.048,9.610416666666666,34.520583333333335,11.836,proteina,1.18,animal
"Croquete, de carne, cru",245.77192529714108,12.04375,13.949583333333331,15.561,proteina,4.94,animal
"Croquete, de carne, frito",346.7420146474044,16.8625,18.146166666666677,22.67333333333333,proteina,1.57,animal
"Empada de frango, pré-cozida, assada",358.1916666666667,6.94375,47.49291666666666,15.605,proteina,3.11,animal
"Empada, de frango, pré-cozida",377.4796666666667,7.34375,35.52891666666668,22.887666666666664,proteina,2.16,animal
"Frango, asa, com pele, crua",213.18833333333333,18.1,0.0,15.066666666666668,proteina,2.71,animal
"Frango, caipira, inteiro, com pele, cozido",242.88932666666665,23.883333333333333,0.0,15.615666666666668,proteina,4.96,animal
"Frango, caipira, inteiro, sem pele, cozido",195.76029666666665,29.575,0.0,7.702333333333333,proteina,4.87,animal
"Frango, coração, cru",221.5028333333333,12.583333333333336,0.0,18.6,proteina,2.64,animal
"Frango, coração, grelhado",207.27364333333327,22.43958333333333,0.6074166666666578,12.095999999999998,proteina,2.15,animal
"Frango, coxa, com pele, assada",215.1186475329399,28.491666666666664,0.05833333333334,10.361333333333333,proteina,3.68,animal
"Frango, coxa, com pele, crua",161.47473333333332,17.093333333333334,0.0,9.81,proteina,3.18,animal
"Frango, coxa, sem pele, cozida",167.42803216441473,26.85833333333333,0.0,5.847333333333332,proteina,4.08,animal
"Frango, coxa, sem pele, crua",119.9474666666666,17.813333333333333,0.019999999999997,4.8566666666666665,proteina,1.95,animal
"Frango, fígado, cru",106.48456666666668,17.58666666666667,-0.023333333333338,3.49,proteina,0.81,animal
"Frango, filé, à milanesa",220.87278,28.46041666666667,7.512916666666662,7.790666666666667,proteina,3.54,animal
"Frango, inteiro, com pele, cru",226.31916666666663,16.44333333333333,0.0,17.30666666666667,proteina,4.19,animal
"Frango, inteiro, sem pele, assado",187.3377966666667,28.025,0.0,7.502333333333333,proteina,1.02,animal
"Frango, inteiro, sem pele, cozido",170.38997583333332,24.985416666666666,0.0,7.062333333333334,proteina,3.22,animal
"Frango, inteiro, sem pele, cru",129.09640000000002,20.58666666666667,0.0,4.566666666666666,proteina,4.56,animal
"Frango, peito, com pele, assado",211.68314953072863,33.416666666666664,0.0,7.649,proteina,1.97,animal
"Frango, peito, com pele, cru",149.46526666666665,20.78,0.0,6.733333333333333,proteina,4.38,animal
"Frango, peito, sem pele, cozido",162.87476334631444,31.46875,0.0,3.16,proteina,4.72,animal
"Frango, peito, sem pele, cru",119.15926666666664,21.526666666666667,0.0,3.02,proteina,2.89,animal
"Frango, peito, sem pele, grelhado",159.18500719261172,32.03333333333334,0.0,2.4836666666666667,proteina,1.31,animal
"Frango, sobrecoxa, com pele, assada",259.60476916666664,28.70208333333333,0.0,15.193666666666669,proteina,3.38,animal
"Frango, sobrecoxa, com pele, crua",254.5322,15.46,0.0,20.9,proteina,2.68,animal
"Frango, sobrecoxa, sem pele, assada",232.88339666666667,29.175,0.0,12.007333333333332,proteina,0.57,animal
"Frango, sobrecoxa, sem pele, crua",161.79629999999997,17.57,0.0,9.62,proteina,4.11,animal
"Hambúrguer, bovino, cru",214.836,13.15625,4.15375,16.177333333333333,outros,2.92,nenhuma
"Hambúrguer, bovino, frito",258.283,19.972916666666663,6.320083333333328,17.012333333333334,outros,3.32,nenhuma
"Hambúrguer, bovino, grelhado",209.8316666666667,13.15625,11.333416666666674,12.430333333333332,outros,4.43,nenhuma
"Lingüiça, frango, crua",218.10881416666663,14.239583333333334,0.0,17.439666666666668,proteina,4.18,animal
"Lingüiça, frango, frita",245.46100666666663,18.316666666666663,0.0,18.542,proteina,0.77,animal
"Lingüiça, frango, grelhada",243.6585675,18.18958333333333,0.0,18.40233333333333,proteina,2.83,animal
"Lingüiça, porco, crua",227.2034508333333,16.06458333333333,0.0,17.584,outros,2.64,nenhuma
"Lingüiça, porco, frita",279.54358916666666,20.45208333333333,0.0,21.30966666666667,outros,1.6,nenhuma
"Lingüiça, porco, grelhada",296.4896091666666,23.16875,0.0,21.90233333333333,outros,1.56,nenhuma
Mortadela,268.8199890167316,11.952083333333334,5.81591666666666,21.64933333333333,outros,2.97,nenhuma
"Peru, congelado, assado",163.07139793137708,26.20208333333333,0.0,5.675,outros,4.07,nenhuma
"Peru, congelado, cru",93.72243382612864,18.08333333333333,0.0,1.83,outros,2.95,nenhuma
"Porco, bisteca, crua",164.11533659299215,21.5,0.0,8.016666666666666,outros,4.8,nenhuma
"Porco, bisteca, frita",311.1690453348557,33.74791666666667,0.0,18.521666666666665,outros,3.46,nenhuma
"Porco, bisteca, grelhada",280.0840349027713,28.88958333333333,0.0,17.375333333333334,outros,4.24,nenhuma
"Porco, costela, assada",402.1684474508365,30.22291666666667,0.0,30.279,outros,3.1,nenhuma
"Porco, costela, crua",255.60634206136064,18.0,0.0,19.816666666666663,outros,3.44,nenhuma
"Porco, lombo, assado",210.2346655796369,35.725,0.0,6.395666666666667,outros,4.49,nenhuma
"Porco, lombo, cru",175.6251952501138,22.604166666666668,0.0,8.77,outros,3.05,nenhuma
"Porco, orelha, salgada, crua",258.49175833333334,18.52083333333333,0.0,19.89,outros,4.48,nenhuma
"Porco, pernil, assado",262.2596066666666,32.13333333333333,0.0,13.863666666666669,outros,0.65,nenhuma
"Porco, pernil, cru",186.05575,20.125,0.0,11.1,outros,1.39,nenhuma
"Porco, rabo, salgado, cru",377.4152575,15.58125,0.0,34.466,outros,0.79,nenhuma
"Presunto, com capa de gordura",127.84921266563737,14.370833333333334,1.3975,6.771333333333334,outros,2.51,animal
"Presunto, sem capa de gordura",93.7432807208697,14.291666666666666,2.1456666666666697,2.7066666666666666,outros,1.0,animal
"Quibe, assado",136.22887614158785,14.59375,12.86125,2.676333333333333,outros,1.63,nenhuma
"Quibe, cru",109.49066929475464,12.354166666666666,10.774166666666666,1.6676666666666666,outros,4.32,nenhuma
"Quibe, frito",253.83130886964,14.889583333333334,12.337416666666655,15.799,outros,0.6,nenhuma
Salame,397.8425065349341,25.810416666666665,2.9062500000000098,30.641333333333336,outros,3.09,nenhuma
"Toucinho, cru",592.5311749999998,11.479166666666666,0.0,60.25666666666666,outros,4.68,nenhuma
"Toucinho, frito",696.5640066666666,27.28333333333333,0.0,64.30866666666667,outros,4.4,nenhuma
"Bebida láctea, pêssego",55.164833333333306,2.1333333333333333,7.5700000000000065,1.9066666666666665,outros,1.61,nenhuma
Creme de Leite,221.48354127513312,1.5078066937128702,4.509526639620461,22.479333333333333,laticinio,0.91,lactose
"Iogurte, natural",51.48953333333329,4.0633333333333335,1.9166666666666603,3.04,laticinio,3.94,lactose
"Iogurte, natural, desnatado",41.49271128155834,3.834380068778992,5.773953333333329,0.3156666666666667,laticinio,0.73,lactose
"Iogurte, sabor morango",69.56560000000003,2.71,9.693333333333342,2.33,laticinio,3.75,lactose
"Iogurte, sabor pêssego",67.84940000000002,2.53,9.433333333333344,2.3366666666666664,laticinio,4.95,lactose
"Leite, condensado",312.5726,7.67,56.99666666666666,6.74,laticinio,3.73,lactose
"Leite, de cabra",66.41574188654329,3.0709067217508954,5.246093333333333,3.754333333333333,laticinio,1.68,lactose
"Leite, de vaca, achocolatado",82.82099627199361,2.099020037651062,14.158313333333323,2.169,laticinio,0.98,lactose
"Leite, de vaca, desnatado, pó",361.608,34.69,53.04333333333334,0.9333333333333332,laticinio,4.02,lactose
"Leite, de vaca, integral, pó",496.6502999999999,25.42,39.18,26.903333333333336,laticinio,1.16,lactose
"Leite, fermentado",69.62147400000002,1.89486,15.67447333333333,0.099,laticinio,4.04,lactose
"Queijo, minas, frescal",264.273128,17.411020000000004,3.240313333333333,20.180666666666667,laticinio,2.27,lactose
"Queijo, minas, meia cura",320.72181773325985,21.21137371381124,3.5729596195220865,24.61,laticinio,1.46,lactose
"Queijo, mozarela",329.8707184208871,22.64900040626526,3.0493329270680736,25.183000000000003,laticinio,0.94,lactose
"Queijo, parmesão",452.9637553333333,35.55361333333333,1.6607199999999995,33.529333333333334,laticinio,3.58,lactose
"Queijo, pasteurizado",303.07980333333325,9.357333333333331,5.67633333333333,27.43533333333333,laticinio,2.49,lactose
"Queijo, petit suisse, morango",121.105954,5.78666,18.46200666666666,2.8383333333333334,laticinio,3.51,lactose
"Queijo, prato",359.88046240505474,22.661760406494142,1.8785729268391929,29.106333333333332,laticinio,2.76,lactose
"Queijo, requeijão, cremoso",256.57814866666666,9.629546666666666,2.4324533333333336,23.441000000000003,laticinio,2.7,lactose
"Queijo, ricota",139.73177999999996,12.6005,3.7861666666666673,8.108666666666666,laticinio,1.64,lactose
"Bebida isotônica, sabores variados",25.613333333333344,0.0,6.40333333333334,0.0,outros,0.94,nenhuma
"Café, infusão 10%",9.070868599613515,0.7125,1.478666666666667,0.0693333333333333,outros,2.6,nenhuma
"Cana, aguardente 1",215.6616,,,,outros,3.22,nenhuma
"Cana, caldo de",65.34359826898573,0.0,18.151000000000003,0.0,outros,3.79,nenhuma
"Cerveja, pilsen 2",40.72018855062866,0.5625,3.3175,0.0,outros,4.67,nenhuma
"Chá, erva-doce, infusão 5%",1.3970599738756386,0.0,0.3913333333333213,0.0,outros,4.15,nenhuma
"Chá, mate, infusão 5%",2.730749951124143,0.0,0.6429999999999931,0.052,outros,2.29,nenhuma
"Chá, preto, infusão 5%",2.24790995796521,0.0,0.6296666666666653,0.0,outros,4.93,nenhuma
"Coco, água de",21.50859424050649,0.0,5.284666666666672,0.0,outros,0.68,nenhuma
"Refrigerante, tipo água tônica",30.7794,0.0,7.953333333333339,0.0,outros,1.09,nenhuma
"Refrigerante, tipo cola",33.514200000000045,0.0,8.66000000000001,0.0,outros,2.12,nenhuma
"Refrigerante, tipo guaraná",38.7,0.0,10.0,0.0,outros,3.74,nenhuma
"Refrigerante, tipo laranja",45.62730000000003,0.0,11.79,0.0,fruta,4.5,nenhuma
"Refrigerante, tipo limão",39.71910000000001,0.0,10.263333333333335,0.0,outros,4.2,nenhuma
"Omelete, de queijo",268.00677218242487,15.570833333333333,0.437166666666668,22.007666666666665,laticinio,1.16,lactose
"Ovo, de codorna, inteiro, cru",176.89389999999997,13.6875,0.7724999999999986,12.68,proteina,2.41,nenhuma
"Ovo, de galinha, clara, cozida/10minutos",59.43569666666667,13.447916666666668,0.0,0.089,proteina,1.07,nenhuma
"Ovo, de galinha, gema, cozida/10minutos",352.67334000000005,15.9,1.5600000000000065,30.777,proteina,4.59,nenhuma
"Ovo, de galinha, inteiro, cozido/10minutos",145.70017,13.29375,0.6149166666666736,9.476333333333333,proteina,1.76,nenhuma
"Ovo, de galinha, inteiro, cru",143.11173333333335,13.03,1.6366666666666725,8.9,proteina,1.96,nenhuma
"Ovo, de galinha, inteiro, frito",240.1872240091165,15.616666666666667,1.1936666666666629,18.592666666666663,proteina,1.4,nenhuma
"Achocolatado, pó",401.02,4.203333333333333,91.17666666666666,2.1666666666666665,outros,2.52,nenhuma
"Açúcar, cristal",386.845724,0.32,99.61,0.0,outros,2.03,nenhuma
"Açúcar, mascavo",368.5548225243887,0.7583333333333333,94.45,0.092,outros,2.11,nenhuma
"Açúcar, refinado",386.5748239999999,0.32,99.54,0.0,outros,3.76,nenhuma
"Chocolate, ao leite",539.5866666666667,7.22,59.57666666666668,30.26666666666667,laticinio,1.58,lactose
"Chocolate, ao leite, com castanha do Pará",558.8763333333334,7.4125,55.37683333333334,34.191,laticinio,1.97,lactose
"Chocolate, ao leite, dietético",556.8243333333334,6.897916666666666,56.32341666666667,33.771,laticinio,4.8,lactose
"Chocolate, meio amargo",474.9177699732738,4.862443432172139,62.42288990116119,29.856666666666666,outros,3.71,nenhuma
Cocada branca,448.84545242331023,1.121833373705546,81.38316662629445,13.586999999999998,outros,4.99,nenhuma
"Doce, de abóbora, cremoso",198.9360630496343,0.9166666666666666,54.61333333333334,0.2066666666666666,outros,1.59,nenhuma
"Doce, de leite, cremoso",306.31013023105874,5.478293431599935,59.49337323506673,5.992999999999999,laticinio,4.84,lactose
"Geléia, mocotó, natural",106.08666666666662,2.125,24.231666666666666,0.0733333333333333,outros,3.29,nenhuma
Glicose de milho,292.1184052991867,0.0,79.38,0.0,outros,4.13,nenhuma
Maria mole,301.2358875369997,3.8128501310348506,73.55348320229848,0.19,outros,2.44,nenhuma
"Maria mole, coco queimado",306.6318969970185,3.9349501352310177,75.05938319810231,0.0893333333333333,outros,0.9,nenhuma
Marmelada,257.24147319380444,0.4,70.76333333333334,0.1373333333333333,outros,2.71,nenhuma
"Mel, de abelha",309.24266666666665,0.0,84.03333333333333,0.0,outros,2.06,nenhuma
Melado,296.5064912319183,0.0,76.61666666666666,0.0,outros,4.41,nenhuma
Quindim,411.3487215708494,4.7375,46.29883333333333,24.425,outros,2.55,nenhuma
Rapadura,351.9581221015453,0.9895833333333331,90.79241666666668,0.0706666666666666,outros,2.09,nenhuma
"Café, pó, torrado",418.6186666666666,14.7,65.75333333333332,11.946666666666667,outros,0.77,nenhuma
"Capuccino, pó",417.4066666666667,11.3125,73.61416666666665,8.633333333333333,outros,3.62,nenhuma
"Fermento em pó, químico",89.72206665112176,0.4753333187103272,43.91133334795634,0.0733333333333333,outros,1.93,nenhuma
"Fermento, biológico, levedura, tablete",89.79486703058885,16.956999478340148,7.698667188326523,1.5176666666666667,outros,1.45,nenhuma
"Gelatina, sabores variados, pó",380.2229,8.886666666666667,89.22333333333333,0.0,outros,3.43,nenhuma
Shoyu,60.92774987538659,3.3125,11.6475,0.3266666666666666,outros,1.75,nenhuma
Tempero a base de sal,21.33,2.666666666666667,2.0733333333333377,0.2633333333333333,outros,2.58,nenhuma
"Azeitona, preta, conserva",194.1538470209837,1.1625,5.544500000000004,20.345,outros,3.6,nenhuma
"Azeitona, verde, conserva",136.93643000000003,0.9479166666666664,4.101750000000001,14.215666666666666,outros,0.75,nenhuma
"Chantilly, spray, com gordura vegetal",314.9560002666667,0.525,16.85500006666667,27.270666666666667,outros,2.99,nenhuma
"Leite, de coco",166.16030161554647,1.014066703160604,2.1945999635060494,18.36433333333333,laticinio,4.65,lactose
"Maionese, tradicional com ovos",302.1526776878237,0.58125,7.899749999999999,30.497666666666664,proteina,4.01,nenhuma
Acarajé,289.21166666666664,8.345833333333335,19.11383333333333,19.930333333333333,outros,2.81,nenhuma
Arroz carreteiro,153.772,10.829166666666667,11.584833333333329,7.124,carboidrato,2.59,nenhuma
"Baião de dois, arroz e feijão-de-corda",135.68133333333333,6.239583333333332,20.41775,3.228,carboidrato,1.72,nenhuma
Barreado,164.9752340474129,18.26875,0.23625,9.534,outros,4.64,nenhuma
"Bife à cavalo, com contra filé",291.2295092449586,23.660416666666663,0.0,21.146666666666665,outros,1.98,nenhuma
Bolinho de arroz,273.5143333333333,8.039583333333333,41.682750000000006,8.291666666666666,carboidrato,1.43,nenhuma
Camarão à baiana,100.78304300403596,7.941666666666666,3.1736666666666653,5.967666666666667,outros,1.31,nenhuma
"Charuto, de repolho",78.23472922221822,6.779166666666665,10.133166666666671,1.1166666666666667,outros,4.35,nenhuma
"Cuscuz, de milho, cozido com sal",113.45948166666666,2.15625,25.281416666666665,0.6796666666666665,outros,2.7,nenhuma
"Cuscuz, paulista",142.123,2.558333333333333,22.513666666666666,4.648333333333333,outros,1.52,nenhuma
"Cuxá, molho",80.09161563650767,5.64375,5.7389166666666656,3.5926666666666667,outros,3.73,nenhuma
Dobradinha,124.50020083333332,19.772916666666664,0.0,4.442333333333333,outros,1.1,nenhuma
Estrogonofe de carne,173.1413643180132,15.03125,2.975416666666672,10.803,proteina,4.1,animal
Estrogonofe de frango,156.80610301323728,17.552083333333336,2.593916666666657,7.962333333333333,proteina,2.31,animal
Feijão tropeiro mineiro,151.56185683095453,10.170833333333333,19.58183333333333,6.790666666666667,outros,0.88,nenhuma
Feijoada,116.9334573110342,8.670833333333333,11.641833333333333,6.477333333333334,outros,1.64,nenhuma
"Frango, com açafrão",112.78376884122686,9.697916666666666,4.062083333333325,6.17,proteina,3.55,animal
"Macarrão, molho bolognesa",119.53177144556008,4.934299834887187,22.522366831779475,0.8896666666666667,carboidrato,0.64,nenhuma
Maniçoba,134.22289340098695,9.958333333333332,3.419333333333327,8.699333333333334,outros,2.26,nenhuma
Quibebe,86.349230299592,8.55625,6.644083333333324,2.672,outros,0.91,nenhuma
"Salada, de legumes, com maionese",96.10358839845657,1.05,8.923999999999994,7.039000000000001,vegetal,2.72,nenhuma
"Salada, de legumes, cozida no vapor",35.40810429847241,2.00625,7.089083333333335,0.3116666666666667,vegetal,4.06,nenhuma
"Salpicão, de frango",147.8645961340268,13.925,4.568999999999992,7.840666666666666,proteina,1.67,animal
Sarapatel,122.98185821243132,18.47291666666667,1.09408333333334,4.42,outros,3.19,nenhuma
Tabule,57.45347668848058,2.046329973220825,10.581003360112511,1.208,outros,4.15,nenhuma
Tacacá,46.88917715120316,6.958333333333335,3.39,0.3596666666666666,outros,3.23,nenhuma
"Tapioca, com manteiga",347.8265562578241,0.0895833333333333,63.59175,10.908333333333331,outros,4.53,nenhuma
"Tucupi, com pimenta-de-cheiro",27.1837984027266,2.05625,4.737749999999988,0.2836666666666667,outros,1.3,nenhuma
Vaca atolada,144.89697968479,5.122916666666667,10.061416666666672,9.322,outros,2.36,nenhuma
Vatapá,254.89328572415508,5.99783354918162,9.748499784151717,23.226333333333333,outros,3.61,nenhuma
Virado à paulista,306.94678645131984,10.18125,14.10908333333333,25.590666666666664,outros,4.37,nenhuma
Yakisoba,112.8020412534078,7.5166666666666675,18.25133333333333,2.607,outros,2.62,nenhuma
"Amendoim, grão, cru",544.0526557994334,27.190800189971927,20.313533333333336,43.85,outros,4.46,nenhuma
"Amendoim, torrado, salgado",605.7810929170192,22.47518015702565,18.70248650964101,53.96333333333334,outros,2.53,nenhuma
"Ervilha, em vagem",88.09358199977854,7.452083333333332,14.227583333333328,0.471,outros,4.18,nenhuma
"Ervilha, enlatada, drenada",73.8447043478261,4.597826086956522,13.44217391304348,0.38,outros,4.98,nenhuma
"Feijão, carioca, cozido",76.42408566666668,4.775,13.591033333333334,0.5423333333333334,outros,2.84,nenhuma
"Feijão, carioca, cru",329.0267362318841,19.981884057971016,61.22144927536232,1.2566666666666666,outros,0.78,nenhuma
"Feijão, fradinho, cozido",78.00889666666667,5.09375,13.499583333333335,0.644,outros,4.29,nenhuma
"Feijão, fradinho, cru",339.16476666666665,20.208333333333336,61.24,2.365,outros,4.14,nenhuma
"Feijão, jalo, cozido",92.73992,6.14375,16.495250000000002,0.512,outros,1.08,nenhuma
"Feijão, jalo, cru",327.90526666666665,20.104166666666668,61.47916666666666,0.9466666666666668,outros,3.58,nenhuma
"Feijão, preto, cozido",77.02726666666668,4.479166666666667,14.00516666666666,0.5356666666666666,outros,3.93,nenhuma
"Feijão, preto, cru",323.5657115942029,21.344202898550723,58.75246376811595,1.24,outros,1.64,nenhuma
"Feijão, rajado, cozido",84.7018527334929,5.5375,15.2675,0.4,outros,2.27,nenhuma
"Feijão, rajado, cru",325.84441116273405,17.270833333333332,62.92916666666667,1.17,outros,1.4,nenhuma
"Feijão, rosinha, cozido",67.86622877142827,4.539583333333333,11.822749999999996,0.4773333333333333,outros,0.92,nenhuma
"Feijão, rosinha, cru",336.9619111275673,20.916666666666668,62.22333333333333,1.33,outros,3.43,nenhuma
"Feijão, roxo, cozido",76.89338231790063,5.720833333333334,12.90816666666666,0.5383333333333334,outros,4.61,nenhuma
"Feijão, roxo, cru",331.4149774567286,22.166666666666668,59.98666666666666,1.2366666666666666,outros,3.18,nenhuma
"Grão-de-bico, cru",354.7028765890996,21.229166666666664,57.88416666666667,5.43,outros,4.88,nenhuma
"Guandu, cru",344.1336512849927,18.964583333333334,64.00041666666667,2.132,outros,4.79,nenhuma
"Lentilha, cozida",92.63876625229916,6.310416666666667,16.30224999999999,0.5246666666666667,outros,2.05,nenhuma
"Lentilha, crua",339.1412402035533,23.15217391304348,62.00449275362318,0.77,outros,3.43,nenhuma
"Paçoca, amendoim",486.9270864645243,15.995833333333334,52.37616666666666,26.075333333333333,outros,3.47,nenhuma
"Pé-de-moleque, amendoim",503.1903658399557,13.162240091959635,54.73042657470704,28.048333333333336,outros,3.08,nenhuma
"Soja, farinha",403.955845810399,36.0301002407074,38.43989975929261,14.633333333333333,outros,3.96,gluten
"Soja, extrato solúvel, natural, fluido",39.10485527535076,2.3810700159072877,4.275263333333342,1.606,outros,2.33,nenhuma
"Soja, extrato solúvel, pó",458.8957294378677,35.68750023841858,28.482833333333332,26.181,outros,0.86,nenhuma
"Soja, queijo (tofu)",64.48509407389021,6.553176710446675,2.126823333333333,3.953333333333333,laticinio,2.63,lactose
"Tremoço, cru",381.27817396012944,33.575,43.78633333333333,10.342,outros,2.28,nenhuma
"Tremoço, em conserva",120.64258534487092,11.108333333333333,12.38933333333334,3.784,outros,1.86,nenhuma
"Amêndoa, torrada, salgada",580.7469545560705,18.554759385108948,29.54724,47.324333333333335,outros,3.22,nenhuma
"Castanha-de-caju, torrada, salgada",570.167626501619,18.50936733277639,29.13496600055695,46.27966666666666,outros,0.78,nenhuma
"Castanha-do-Brasil, crua",642.9630716810693,14.536340101559956,15.07865989844004,63.459,outros,2.35,nenhuma
"Coco, cru",406.4873531078099,3.69183412310697,10.401665876893029,41.976333333333336,outros,4.35,nenhuma
"Farinha, de mesocarpo de babaçu, crua",328.7714002448336,1.406266717274984,79.17306661605835,0.198,outros,4.66,gluten
"Gergelim, semente",583.5467147545495,21.16466742833456,21.617665904998766,50.43266666666667,outros,3.18,nenhuma
"Linhaça, semente",495.0961138436508,14.083867173512775,43.31219949315389,32.25293333333334,outros,2.85,nenhuma
"Pinhão, cozido",174.36990200000002,2.980366666666666,43.917633333333335,0.747,outros,1.96,nenhuma
"Pupunha, cozida",218.53388087660076,2.5229166666666667,29.569416666666665,12.761666666666668,outros,4.02,nenhuma
"Noz, crua",620.0600197905668,13.9708005027771,18.36386616388957,59.35966666666667,outros,2.8,nenhuma
